Summary,Issue key,Issue id,Issue Type,Status,Project key,Project name,Project type,Project lead,Project lead id,Project description,Priority,Resolution,Assignee,Assignee Id,Reporter,Reporter Id,Creator,Creator Id,Created,Updated,Last Viewed,Resolved,Fix versions,Due date,Votes,Description,Environment,Watchers,Watchers Id,Original estimate,Remaining Estimate,Time Spent,Work Ratio,Σ Original Estimate,Σ Remaining Estimate,Σ Time Spent,Security Level,Inward issue link (Relates),Inward issue link (Relates),Outward issue link (Relates),Outward issue link (Relates),Outward issue link (Relates),Outward issue link (Relates),Outward issue link (Relates),Outward issue link (Relates),Outward issue link (Relates),Outward issue link (Relates),Outward issue link (Relates),Outward issue link (Relates),Outward issue link (Relates),Attachment,Attachment,Custom field (Actual end),Custom field (Actual start),Custom field (Category),Custom field (Change reason),Custom field (Change risk),Custom field (Change type),Custom field (Compass),Custom field (Development),Custom field (Epic Color),Custom field (Epic Link),Epic Link Summary,Custom field (Epic Name),Custom field (Epic Status),Custom field (Impact),Custom field (Issue color),Custom field (Locked forms),Custom field (Open forms),Custom field (Rank),Custom field (Request Type),Custom field (Request participants),Satisfaction rating,Custom field (Start date),Custom field (Story Points),Custom field (Story point estimate),Custom field (Submitted forms),Custom field (Target end),Custom field (Target start),Custom field (Team),Custom field (Total forms),Custom field (Work category),Custom field ([CHART] Date of First Response),Status Category
don't have a button to Introduce multiple entry in Location,TJ-90,10089,Bug,Backlog,TJ,Tema Jira,software,Bianca,637f8896213a315af347161b,,Medium,,,,Bianca,637f8896213a315af347161b,Bianca,637f8896213a315af347161b,22/Mar/23 4:49 PM,31/Mar/23 9:15 PM,01/Apr/23 12:48 PM,,OrangeHRM,,0,"Go on the Location page (which is a sub menu of the Organisation menu) and press add button and see if it's possible to entry multiple location. 

Steps:

# Application OrangeHRM ([https://opensource-demo.orangehrmlive.com/web/index.php/dashboard/index|https://opensource-demo.orangehrmlive.com/web/index.php/dashboard/index|smart-link] )
# login page
# admin
# upper bar select 'Organization'
# select the 'Location'
# add

Expected result: The multiple location is allow to be added.
Actual result: We don't have an option to add multiple entry in the same time. We can add just one entry per time.",,Bianca,637f8896213a315af347161b,,,,,,,,,TJ-68,,TJ-68,,,,,,,,,,,,,,,,,,,,{},,TJ-1, Admin Module ,,,,,,,0|i000jb:,,,,,,,,,,,,,,To Do
Introducing multiple job title in the same time in the list,TJ-89,10088,Bug,Backlog,TJ,Tema Jira,software,Bianca,637f8896213a315af347161b,,Medium,,,,Bianca,637f8896213a315af347161b,Bianca,637f8896213a315af347161b,22/Mar/23 3:42 PM,31/Mar/23 8:38 PM,31/Mar/23 8:36 PM,,OrangeHRM,,0,"Go on the Job Title page and press on the Add button an try to entry multiple items.

Steps:

# Application OrangeHRM ([https://opensource-demo.orangehrmlive.com/web/index.php/dashboard/index|https://opensource-demo.orangehrmlive.com/web/index.php/dashboard/index|smart-link] )
# login page
# Admin
# upper bar select 'Job'
# 'Job Title'
# ADD 


Expected result: You can add multiple entry, the multiple items are added.

Actual result: We don't have an option to add multiple entry in the same time. We can add just one entry per time.",,Bianca,637f8896213a315af347161b,,,,,,,,,TJ-59,,TJ-59,,,,,,,,,,,,,,,,,,,,{},,TJ-1, Admin Module ,,,,,,,0|i000j3:,,,,,,,,,,,,,,To Do
one of the text box that are optional is mandatory in Work shift page,TJ-87,10086,Bug,Backlog,TJ,Tema Jira,software,Bianca,637f8896213a315af347161b,,Medium,,,,Bianca,637f8896213a315af347161b,Bianca,637f8896213a315af347161b,22/Mar/23 11:15 AM,01/Apr/23 12:22 PM,01/Apr/23 11:01 AM,,OrangeHRM,,0,"Navigate on the work shift page which is a sub menu from Job, click on the Add button and complete the field and save.

Steps
1. Application OrangeHRM ([https://opensource-demo.orangehrmlive.com/web/index.php/dashboard/index|https://opensource-demo.orangehrmlive.com/web/index.php/dashboard/index|smart-link] )

2. Login

3. Admin

4. Job

5. Work shifts

6. Add

7. complete the mandatory field with

8. save

Expected result: Working hours is added to the work shift list.

Actual result: After I complete the text box that are mandatory and I want to save the changes that I made in Work shift, it’s activated an optional text box  and appear a message that say that is mandatory to fill the text box.",,Bianca,637f8896213a315af347161b,,,,,,,,,TJ-33,TJ-8,TJ-33,,,,,,,,,,,,,,,,,,,,{},,TJ-1, Admin Module ,,,,,,,0|i000in:,,,,,,,,,,,,,,To Do
Employment status complete from should not be letting you to add number ,TJ-86,10085,Bug,Backlog,TJ,Tema Jira,software,Bianca,637f8896213a315af347161b,,Medium,,Bianca,637f8896213a315af347161b,Bianca,637f8896213a315af347161b,Bianca,637f8896213a315af347161b,22/Mar/23 10:19 AM,01/Apr/23 10:49 AM,01/Apr/23 10:47 AM,,OrangeHRM,,0,"Navigate on the employment page and press the add button (to add an employment status), complete all the fields with a name (number) and press save. 

Steps:

# Application OrangeHRM ([https://opensource-demo.orangehrmlive.com/web/index.php/dashboard/index|https://opensource-demo.orangehrmlive.com/web/index.php/dashboard/index|smart-link] )
# login 
# admin
# upper bar select 'Job'
# choose 'Employment status'
# 'Add' 
# A new page with form appear with a field 'Name' of employment status
# save

Expected Result: The name (number) of employment status should not be added.

Actual result: The name of employment status was added successfully, and I was redirect to the principal page of 'employment status' where is a list with all employment status.",,Bianca,637f8896213a315af347161b,,,,,,,,,TJ-85,,TJ-85,,,,,,,,,,,,,,,,,,,,{},,TJ-1, Admin Module ,,,,,,,0|i000if:,,,,,,,,,,,,,,To Do
Email Configuration,TJ-54,10053,Bug,Backlog,TJ,Tema Jira,software,Bianca,637f8896213a315af347161b,,Medium,,,,Bianca,637f8896213a315af347161b,Bianca,637f8896213a315af347161b,28/Feb/23 3:37 PM,31/Mar/23 8:36 PM,31/Mar/23 8:33 PM,,OrangeHRM,,0,"Navigate on the Configuration menu and go on email configuration, insert an email address and send an test mail and press save.

Steps:

# Go on OrangeHRM ([https://opensource-demo.orangehrmlive.com/web/index.php/dashboard/index|https://opensource-demo.orangehrmlive.com/web/index.php/dashboard/index|smart-link] )
# login page
# Admin
# from upper bar select 'Configuration'
# select the 'Email Configuration'
# fill all the text box and choose to send an email test 
# save


Expected result: The configuration are made it. you receive an notification email.

Actual result: The mail are configuration, a notification appear with the mail sent, you don't receive any e-mail of test.",,Bianca,637f8896213a315af347161b,,,,,,,,,TJ-22,,TJ-44,,,,,,,,,,,28/Feb/23 3:35 PM;637f8896213a315af347161b;image-2023-02-28-15-35-57-242.png;https://cobia.atlassian.net/secure/attachment/10015/image-2023-02-28-15-35-57-242.png,28/Feb/23 3:37 PM;637f8896213a315af347161b;image-2023-02-28-15-37-13-587.png;https://cobia.atlassian.net/secure/attachment/10014/image-2023-02-28-15-37-13-587.png,,,,,,,,{},,TJ-1, Admin Module ,,,,,,,0|i000bj:,,,,,,,,,,,,,,To Do
add a nationalities with small letters,TJ-53,10052,Bug,Backlog,TJ,Tema Jira,software,Bianca,637f8896213a315af347161b,,Medium,,Bianca,637f8896213a315af347161b,Bianca,637f8896213a315af347161b,Bianca,637f8896213a315af347161b,28/Feb/23 3:24 PM,01/Apr/23 10:56 AM,01/Apr/23 10:50 AM,,OrangeHRM,,0,"Navigate on Nationalities page and go on Add, a new window appear , write a nationalities name with a small letters and save.

Steps

Go in Application OrangeHRM, in the log in you have to enter the username 'Admin' and pass 'admin123', now you go on the 'Admin', after you press admin you are redirect to another page, in the upper bar and select 'Nationalities', a new page appear, press on 'Add', insert a name of nationalities with small letters and save.

Expected result: The nationalities should not be added.

Actual result: The nationalities is added in the list.



  ",,Bianca,637f8896213a315af347161b,,,,,,,,,TJ-88,TJ-20,,,,,,,,,,,,,,,,,,,,,{},,TJ-1, Admin Module ,,,,,,,0|i000bb:,,,,,,,,,,,,,,To Do
Modules ,TJ-26,10025,Task,Backlog,TJ,Tema Jira,software,Bianca,637f8896213a315af347161b,,Medium,,Bianca,637f8896213a315af347161b,Bianca,637f8896213a315af347161b,Bianca,637f8896213a315af347161b,06/Feb/23 6:18 PM,21/Mar/23 2:28 PM,01/Apr/23 12:50 PM,,OrangeHRM,,0,"This feature enables the HR Admin to configure the display/hide settings of the modules of the system. To configure the module display settings, go to Admin>> Configuration>> Modules and the screen will appear. Click “Edit “to edit module display. You may select from the list the modules you want to be displayed/hidden. Click “Save” one module configuration is completed. ",,Bianca,637f8896213a315af347161b,,,,,,,,,TJ-21,,TJ-47,,,,,,,,,,,,,,,,,,,,{},,TJ-1, Admin Module ,,,,,,,0|i0005b:,,,,,,,,,,,,,,To Do
Localization (Date Format Localization) ,TJ-25,10024,Task,Backlog,TJ,Tema Jira,software,Bianca,637f8896213a315af347161b,,Medium,,Bianca,637f8896213a315af347161b,Bianca,637f8896213a315af347161b,Bianca,637f8896213a315af347161b,06/Feb/23 6:17 PM,21/Mar/23 8:16 AM,01/Apr/23 12:50 PM,,OrangeHRM,,0,"This feature allows the HR Admin to set up the date format that will be reflected throughout the whole system. Once you have configured the localization settings, click “Save”.",,Bianca,637f8896213a315af347161b,,,,,,,,,TJ-21,TJ-46,,,,,,,,,,,,,,,,,,,,,{},,TJ-1, Admin Module ,,,,,,,0|i00053:,,,,,,,,,,,,,,To Do
Localization (Language Localization),TJ-24,10023,Task,Backlog,TJ,Tema Jira,software,Bianca,637f8896213a315af347161b,,Medium,,Bianca,637f8896213a315af347161b,Bianca,637f8896213a315af347161b,Bianca,637f8896213a315af347161b,06/Feb/23 6:17 PM,21/Mar/23 8:16 AM,01/Apr/23 12:50 PM,,OrangeHRM,,0,"This feature enables the HR Admin to configure the language settings and translate the OrangeHRM system to the language of your choice. To configure localization settings, go to Admin>> Configuration>> Localization and the screen would appear. Click “Edit” to edit the fields. The default language of the system is US English however you may also use an already set up browser language to translate the system to the language of choice. For example: If you are using Firefox as your browser and it’s translated in UK English language and you want to use this particular language, click on the “Use Browser Language if set” and select from the “Supported Language” provided. The language pack tool can also be obtained from the website by clicking on “Language and font help” where you will be diverted to the web page or by simply browsing through the OrangeHRM Website ([www.orangehrm.com|http://www.orangehrm.com] >> Community>> Translators).",,Bianca,637f8896213a315af347161b,,,,,,,,,TJ-21,TJ-46,,,,,,,,,,,,,,,,,,,,,{},,TJ-1, Admin Module ,,,,,,,0|i0004v:,,,,,,,,,,,,,,To Do
Email Subscriptions,TJ-23,10022,Task,Backlog,TJ,Tema Jira,software,Bianca,637f8896213a315af347161b,,Medium,,Bianca,637f8896213a315af347161b,Bianca,637f8896213a315af347161b,Bianca,637f8896213a315af347161b,06/Feb/23 6:14 PM,21/Mar/23 8:16 AM,01/Apr/23 12:50 PM,,OrangeHRM,,0,"This feature will allow the admin to subscribe to email notifications that will be sent to the employees and supervisors in the system. A copy of the mail will be sent to the email address specified by the Admin. He/she can also select what copies of notifications he should receive. To subscribe to a notification type, go to Admin>> Configuration>> Email Subscriptions and a screen would appear. The HR Admin may also add other subscribers to the following notifications by clicking on the notification types and you will be directed to the screen. Once the fields are added, click “Save”. The entry will then be listed and multiple entries of subscribers for a particular notification type may also be added or deleted. When you click “Back” you will be directed to the “Email Notification” screen with the added notification subscriber reflected on the screen. ",,Bianca,637f8896213a315af347161b,,,,,,,,,TJ-21,TJ-45,,,,,,,,,,,,,,,,,,,,,{},,TJ-1, Admin Module ,,,,,,,0|i0004n:,,,,,,,,,,,,,,To Do
Email Configuration,TJ-22,10021,Task,Backlog,TJ,Tema Jira,software,Bianca,637f8896213a315af347161b,,Medium,,Bianca,637f8896213a315af347161b,Bianca,637f8896213a315af347161b,Bianca,637f8896213a315af347161b,06/Feb/23 6:12 PM,22/Mar/23 3:13 PM,01/Apr/23 12:50 PM,,OrangeHRM,,0,"Configuration of mail settings is essential to accommodate sending and receiving notifications related to the operations performed within the OrangeHRM application (Ex: leave management). To configure the mail settings, go to Admin>> Configuration>>Email Configuration, a screen would appear. Enter the fields accurately by clicking “Edit”, and then a test mail to an email address of your choice could be sent to check functionality. Click “Save” when you have entered all the settings and you may check the email account if you specified an address to receive the test mail. ",,Bianca,637f8896213a315af347161b,,,,,,,,,TJ-21,,TJ-44,TJ-54,,,,,,,,,,,,,,,,,,,{},,TJ-1, Admin Module ,,,,,,,0|i0004f:,,,,,,,,,,,,,,To Do
Configuration,TJ-21,10020,Story,Backlog,TJ,Tema Jira,software,Bianca,637f8896213a315af347161b,,Medium,,Bianca,637f8896213a315af347161b,Bianca,637f8896213a315af347161b,Bianca,637f8896213a315af347161b,06/Feb/23 6:11 PM,21/Mar/23 2:28 PM,01/Apr/23 12:50 PM,,OrangeHRM,,0,"This feature allows you to subscribe and receive notifications and to configure the parameters in setting up the email so notifications will be sent to relevant persons which will quicken the communication processes. It also allows the HR admin to configure language localization for the entire system, set up a date format and enable/disable module display.",,Bianca,637f8896213a315af347161b,,,,,,,,,TJ-1,,TJ-22,TJ-23,TJ-24,TJ-25,TJ-26,TJ-44,TJ-45,TJ-46,TJ-47,,,,,,,,,,,,{},,TJ-1, Admin Module ,,,,,,,0|i00047:,,,,,,,,,,,,,,To Do
Nationalities,TJ-20,10019,Story,Backlog,TJ,Tema Jira,software,Bianca,637f8896213a315af347161b,,Medium,,Bianca,637f8896213a315af347161b,Bianca,637f8896213a315af347161b,Bianca,637f8896213a315af347161b,06/Feb/23 6:11 PM,22/Mar/23 3:04 PM,01/Apr/23 12:50 PM,,OrangeHRM,,0,"This feature allows the HR Admin to define the different nationalities that present in the company which can later be used in the PIM Module. Various nationalities are already pre-defined. To add a nationality, go to Admin>> Nationalities and click “Add”, a screen would appear. Click “Save” once the field is added. A list of nationalities would appear once a “Nationality” is added. You may also add multiple entries of nationalities. To delete a nationality, click on the check box next to the “Nationality”” name. It is also possible to delete multiple entries at the same time by clicking the check box entries you wish to delete and simply clicking “Delete”.",,Bianca,637f8896213a315af347161b,,,,,,,,,TJ-1,,TJ-43,TJ-88,TJ-53,,,,,,,,,,,,,,,,,,{},,TJ-1, Admin Module ,,,,,,,0|i0003z:,,,,,,,,,,,,,,To Do
Memberships,TJ-19,10018,Task,Backlog,TJ,Tema Jira,software,Bianca,637f8896213a315af347161b,,Medium,,Bianca,637f8896213a315af347161b,Bianca,637f8896213a315af347161b,Bianca,637f8896213a315af347161b,06/Feb/23 6:10 PM,21/Mar/23 2:52 PM,01/Apr/23 12:50 PM,,OrangeHRM,,0,"This feature allows the HR Admin to define different membership details of the employees which can be later used in the PIM Module. To add a membership, go to Admin>> Qualifications>> Membership and click “Add”, a screen would appear. Click “Save” once the field is added. A list of membership(s) would appear once a “Membership” is added. To view membership details, click on “Membership” name. You may also add multiple entries of memberships. To delete a membership, click on the check box next to the “Membership”” name. It is also possible to delete multiple entries at the same time by clicking the check box entries you wish to delete and simply clicking “Delete”.",,Bianca,637f8896213a315af347161b,,,,,,,,,TJ-14,,TJ-42,,,,,,,,,,,,,,,,,,,,{},,TJ-1, Admin Module ,,,,,,,0|i0003r:,,,,,,,,,,,,,,To Do
Languages,TJ-18,10017,Task,Backlog,TJ,Tema Jira,software,Bianca,637f8896213a315af347161b,,Medium,,Bianca,637f8896213a315af347161b,Bianca,637f8896213a315af347161b,Bianca,637f8896213a315af347161b,06/Feb/23 6:09 PM,21/Mar/23 1:56 PM,01/Apr/23 12:42 PM,,OrangeHRM,,0,"Different types of languages that employees in your company speak can be defined here and can be used in The PIM Module later. To add an entry, go to Admin>> Qualifications>>Languages and click “Add”, a screen  would appear. Click “Save” once the field is added. A list of languages would appear once a “Language” type is added. You may also add multiple entries of languages. To delete language types click on the check box next to the “Language” name. It is also possible to delete multiple entries at the same time by clicking the check box entries you wish to delete and simply clicking “Delete”.",,Bianca,637f8896213a315af347161b,,,,,,,,,TJ-14,TJ-41,,,,,,,,,,,,,,,,,,,,,{},,TJ-1, Admin Module ,,,,,,,0|i0003j:,,,,,,,,,,,,,,To Do
Licenses,TJ-17,10016,Task,Backlog,TJ,Tema Jira,software,Bianca,637f8896213a315af347161b,,Medium,,Bianca,637f8896213a315af347161b,Bianca,637f8896213a315af347161b,Bianca,637f8896213a315af347161b,06/Feb/23 6:08 PM,21/Mar/23 10:52 AM,01/Apr/23 12:50 PM,,OrangeHRM,,0,"You can define various types of licenses which can be later used in the PIM Module. To add an entry go to Admin>> Qualifications>> Licenses and click “Add”, a screen would appear. Click “Save” once the field is added. A list of license type(s) would appear once a “License” type is added. You may also add multiple entries of licenses. To delete a license type click on the check box next to the “License” name. It is also possible to delete multiple entries at the same time by clicking the check box entries you wish to delete and simply clicking “Delete”. ",,Bianca,637f8896213a315af347161b,,,,,,,,,TJ-14,TJ-39,,,,,,,,,,,,,,,,,,,,,{},,TJ-1, Admin Module ,,,,,,,0|i0003b:,,,,,,,,,,,,,,To Do
Education,TJ-16,10015,Task,Backlog,TJ,Tema Jira,software,Bianca,637f8896213a315af347161b,,Medium,,Bianca,637f8896213a315af347161b,Bianca,637f8896213a315af347161b,Bianca,637f8896213a315af347161b,06/Feb/23 6:07 PM,21/Mar/23 1:26 PM,01/Apr/23 12:50 PM,,OrangeHRM,,0,"You can define various types of educational qualifications which can be later used in the PIM Module. To add an entry select Admin>> Qualifications>> Education and click “Add”, a screen would appear. Click “Save” once the field is added. A list of education would appear once an “Education” entry is added. You may also add multiple entries of skills. To delete education type click on the check box next to the “Education” name. It is also possible to delete multiple entries at the same time by clicking the check box entries you wish to delete and simply clicking “Delete”.",,Bianca,637f8896213a315af347161b,,,,,,,,,TJ-14,TJ-40,,,,,,,,,,,,,,,,,,,,,{},,TJ-1, Admin Module ,,,,,,,0|i00033:,,,,,,,,,,,,,,To Do
Skills,TJ-15,10014,Task,Backlog,TJ,Tema Jira,software,Bianca,637f8896213a315af347161b,,Medium,,Bianca,637f8896213a315af347161b,Bianca,637f8896213a315af347161b,Bianca,637f8896213a315af347161b,05/Feb/23 1:17 PM,21/Mar/23 10:27 AM,01/Apr/23 12:50 PM,,OrangeHRM,,0,You can define various sets of skills which can be later used on the PIM Module. To add an entry go to Admin>> Qualifications>> Skills and click “Add” and a screen would appear. Click “Save” once the fields are added. A list of skill(s) would appear once a “Skill” is added. You may also add multiple entries of skills. To delete a skill click on the check box next to the “skill” name. It is also possible to delete multiple entries at the same time by clicking the check box entries you wish to delete and simply clicking “Delete”.,,Bianca,637f8896213a315af347161b,,,,,,,,,TJ-14,TJ-38,,,,,,,,,,,,,,,,,,,,,{},,TJ-1, Admin Module ,,,,,,,0|i0002v:,,,,,,,,,,,,,,To Do
Qualifications,TJ-14,10013,Story,Backlog,TJ,Tema Jira,software,Bianca,637f8896213a315af347161b,,Medium,,Bianca,637f8896213a315af347161b,Bianca,637f8896213a315af347161b,Bianca,637f8896213a315af347161b,05/Feb/23 1:16 PM,21/Mar/23 2:52 PM,01/Apr/23 12:50 PM,,OrangeHRM,,0,This feature allows you to define all information with regards to employees’ qualifications. The sub-menu consists of: ● Skills ● Education ● Licenses ● Languages,,Bianca,637f8896213a315af347161b,,,,,,,,,TJ-37,,TJ-1,TJ-15,TJ-16,TJ-17,TJ-18,TJ-19,TJ-38,TJ-40,TJ-39,TJ-41,TJ-42,,,,,,,,,,{},,TJ-1, Admin Module ,,,,,,,0|i0002n:,,,,,,,,,,,,,,To Do
Structure,TJ-13,10012,Task,Backlog,TJ,Tema Jira,software,Bianca,637f8896213a315af347161b,,Medium,,Bianca,637f8896213a315af347161b,Bianca,637f8896213a315af347161b,Bianca,637f8896213a315af347161b,05/Feb/23 1:15 PM,21/Mar/23 9:38 AM,01/Apr/23 12:50 PM,,OrangeHRM,,0,"This feature allows the admin to define the hierarchy of the company by defining sub units. Since the parent company is already defined in the General Information, it would automatically appear in the Company Structure screen. You need to define the company name of the parent company before you create the Company Structure. To add a sub- unit to the company structure, go to Admin>> Organization>> Structure and click on [+] and the screen would appear. Company Structure may be defined according to the company’s specifications and hierarchy. When entering the fields, you need to specify if the sub-unit is a Department, Division or Team. Once you have entered the field, click “Save” and the Sub-Unit will appear You may also add further sub-units by clicking [+] option next to the relevant fields to indicate the hierarchy levels of the company and create a pyramidal structure of your organization. To delete an entry, you can simply click “[x]” next to the relevant sub units. Click “Done” below the screen to save the information. You can also collapse/expand the sub-units by clicking on the (-) and (+) on the right hand side of the sub-units to further view the company structure hierarchy.",,Bianca,637f8896213a315af347161b,,,,,,,,,TJ-10,TJ-36,TJ-70,,,,,,,,,,,,,,,,,,,,{},,TJ-1, Admin Module ,,,,,,,0|i0002f:,,,,,,,,,,,,,,To Do
Locations,TJ-12,10011,Task,Backlog,TJ,Tema Jira,software,Bianca,637f8896213a315af347161b,,Medium,,Bianca,637f8896213a315af347161b,Bianca,637f8896213a315af347161b,Bianca,637f8896213a315af347161b,05/Feb/23 1:14 PM,21/Mar/23 9:36 AM,01/Apr/23 12:50 PM,,OrangeHRM,,0,"Under Locations, the HR admin can add details of sites and branches of the company. You are also able to track the number of employees working for a particular location once employees are tagged to the locations when building up the PIM Module. To add a location go to Admin>>Organization>>Location and click “Add” and the screen would appear. Click “Save” once the fields are added. Once a location is added, it will be listed. You may also enter multiple locations. You may view location details by clicking on “Location Name”. To delete a location click on the check box next to the location name. It is also possible to delete multiple entries at the same time by clicking the check box entries you wish to delete and simply clicking “Delete”. ",,Bianca,637f8896213a315af347161b,,,,,,,,,TJ-10,TJ-35,TJ-68,TJ-69,,,,,,,,,,,,,,,,,,,{},,TJ-1, Admin Module ,,,,,,,0|i00027:,,,,,,,,,,,,,,To Do
General Information,TJ-11,10010,Task,Backlog,TJ,Tema Jira,software,Bianca,637f8896213a315af347161b,,Medium,,Bianca,637f8896213a315af347161b,Bianca,637f8896213a315af347161b,Bianca,637f8896213a315af347161b,05/Feb/23 1:13 PM,21/Mar/23 8:07 AM,01/Apr/23 12:50 PM,,OrangeHRM,,0,"Basic details of the company can be entered on this screen. To start adding information, go to Admin>> Organization>> General Information and click “Edit”. Click “Save” once fields are entered. ",,Bianca,637f8896213a315af347161b,,,,,,,,,TJ-10,TJ-34,,,,,,,,,,,,,,,,,,,,,{},,TJ-1, Admin Module ,,,,,,,0|i0001z:,,,,,,,,,,,,,,To Do
Organization,TJ-10,10009,Story,Backlog,TJ,Tema Jira,software,Bianca,637f8896213a315af347161b,,Medium,,Bianca,637f8896213a315af347161b,Bianca,637f8896213a315af347161b,Bianca,637f8896213a315af347161b,05/Feb/23 1:12 PM,21/Mar/23 9:38 AM,01/Apr/23 12:50 PM,,OrangeHRM,,0,"All information about the organization, the structure and locations are defined here.",,Bianca,637f8896213a315af347161b,,,,,,,,,TJ-1,,TJ-11,TJ-12,TJ-13,TJ-34,TJ-35,TJ-36,TJ-69,TJ-70,,,,,,,,,,,,,{},,TJ-1, Admin Module ,,,,,,,0|i0001r:,,,,,,,,,,,,,,To Do
Work Shifts,TJ-8,10007,Task,Backlog,TJ,Tema Jira,software,Bianca,637f8896213a315af347161b,,Medium,,Bianca,637f8896213a315af347161b,Bianca,637f8896213a315af347161b,Bianca,637f8896213a315af347161b,05/Feb/23 1:10 PM,29/Mar/23 3:02 PM,01/Apr/23 12:50 PM,,OrangeHRM,,0,"In this feature the HR Admin can define work shifts for an individual or a group of employees. To add an entry, go to Admin>> Job>> Work Shifts and click “Add” and a screen would appear. Click “Save” once the fields are added. You may assign employees to the particular shift by selecting the employee’s name from the “Available Employees” box and “Add” him/her to the “Assigned Employees” box. An Employee list needs to be created first under the PIM Module before assigning employees to a particular work shift. A list of work shifts would appear once a “Work Shift” is added. To view Work Shift details, click on “Work Shift” name. You may also add multiple entries of work shifts. To delete a work shift click on the check box next to the “Work Shift”” name. It is also possible to delete multiple entries at the same time by clicking the check box entries you wish to delete and simply clicking “Delete”.",,Bianca,637f8896213a315af347161b,,,,,,,,,TJ-33,,TJ-66,TJ-67,TJ-87,,,,,,,,,,,,,,,,,,{},,TJ-1, Admin Module ,,,,,,,0|i0001j:,,,,,,,,,,,,,,To Do
Job Categories,TJ-7,10006,Task,Backlog,TJ,Tema Jira,software,Bianca,637f8896213a315af347161b,,Medium,,Bianca,637f8896213a315af347161b,Bianca,637f8896213a315af347161b,Bianca,637f8896213a315af347161b,05/Feb/23 1:08 PM,21/Mar/23 8:06 AM,01/Apr/23 12:50 PM,,OrangeHRM,,0,"This feature allows the HR Admin to create job categories specific to the company to aggregate job classifications. To add an entry, go to Admin>> Job>> Job Categories and click on “Add” and a screen would appear. Click “Save” once the field is added. A list of Job Category would appear once a “Job Category” is added. To view Job Category details, click on “Job Category” name. You may also add multiple entries of Job Categories. To delete a Job Category click on the check box next to the “Job Category” name. It is also possible to delete multiple entries at the same time by clicking the check box entries you wish to delete and simply clicking “Delete”.",,Bianca,637f8896213a315af347161b,,,,,,,,,TJ-3,TJ-32,TJ-64,TJ-65,,,,,,,,,,,,,,,,,,,{},,TJ-1, Admin Module ,,,,,,,0|i0001b:,,,,,,,,,,,,,,To Do
Employment Status,TJ-6,10005,Task,Backlog,TJ,Tema Jira,software,Bianca,637f8896213a315af347161b,,Medium,,Bianca,637f8896213a315af347161b,Bianca,637f8896213a315af347161b,Bianca,637f8896213a315af347161b,05/Feb/23 1:07 PM,22/Mar/23 10:14 AM,01/Apr/23 12:50 PM,,OrangeHRM,,0,"Employment Status allows you to define the status of employment employees are hired for or if they are terminated. To add an entry, go to Admin>> Job>> Employment Status and click “Add” and a screen would appear. Click “Save” once the field is added. A list of Employment Status would appear once an Employment Status is added. To edit an employment status, click on the “Employment Status” name. To delete an Employment Status click on the check box next to the “Employment Status” name. It is also possible to delete multiple entries at the same time by clicking the check box entries you wish to delete and simply clicking “Delete”. ",,Bianca,637f8896213a315af347161b,,,,,,,,,TJ-3,,TJ-31,TJ-62,TJ-63,TJ-85,,,,,,,,,,,,,,,,,{},,TJ-1, Admin Module ,,,,,,,0|i00013:,,,,,,,,,,,,,,To Do
Pay Grade,TJ-5,10004,Task,Backlog,TJ,Tema Jira,software,Bianca,637f8896213a315af347161b,,Medium,,Bianca,637f8896213a315af347161b,Bianca,637f8896213a315af347161b,Bianca,637f8896213a315af347161b,05/Feb/23 1:06 PM,21/Mar/23 8:05 AM,01/Apr/23 12:50 PM,,OrangeHRM,,0,"The HR Admin can define the pay grade by setting a minimum salary, maximum salary, step increase, and the currency to be paid in. To add an entry, go to Admin>>Job>> Pay Grades and click “Add” and a screen would appear. Click “Save” once the field is added. Once you click “Save” the screen would appear and you can now define the currency and the minimum/maximum salary for each pay grade created. You can define the pay grade by clicking “Add” under “Assigned Currencies” and then providing the pay details under “Add Currency”. Click “Save” to save the currency for the Pay Grade. You can assign multiple currencies here and each currency defined will be listed. You can edit details of a particular currency by clicking on the “Currency” name. All pay grades added will be listed. To view Pay Grade details click on “Pay Grade name. To delete a Pay Grade click on the check box next to the “Pay Grade” name. It is also possible to delete multiple entries at the same time by clicking the check box entries you wish to delete and simply clicking “Delete”.",,Bianca,637f8896213a315af347161b,,,,,,,,,TJ-3,TJ-30,TJ-61,,,,,,,,,,,,,,,,,,,,{},,TJ-1, Admin Module ,,,,,,,0|i0000v:,,,,,,,,,,,,,,To Do
Job Titles,TJ-4,10003,Task,Backlog,TJ,Tema Jira,software,Bianca,637f8896213a315af347161b,,Medium,,Bianca,637f8896213a315af347161b,Bianca,637f8896213a315af347161b,Bianca,637f8896213a315af347161b,05/Feb/23 1:01 PM,21/Mar/23 8:05 AM,01/Apr/23 12:50 PM,,OrangeHRM,,0,"The job titles specific to the company can be defined in this option. To add an entry, go to Admin>> Job>> Job Titles and click “Add”. Click “Save” once the fields are added. A list of job title(s) will appear. You may also enter multiple job titles. You may view Job Title details by clicking on the name of the “Job Title”. To delete a Job Title click on the check box next to the Job Title name. It is also possible to delete multiple entries at the same time by clicking the check box entries you wish to delete and simply clicking “Delete”.",,Bianca,637f8896213a315af347161b,,,,,,,,,TJ-3,TJ-29,TJ-59,TJ-60,,,,,,,,,,,,,,,,,,,{},,TJ-1, Admin Module ,,,,,,,0|i0000n:,,,,,,,,,,,,,,To Do
Job,TJ-3,10002,Story,Backlog,TJ,Tema Jira,software,Bianca,637f8896213a315af347161b,,Medium,,Bianca,637f8896213a315af347161b,Bianca,637f8896213a315af347161b,Bianca,637f8896213a315af347161b,05/Feb/23 12:58 PM,22/Mar/23 11:51 AM,22/Mar/23 7:26 PM,,OrangeHRM,,0,All job related information can be defined in this feature. The sub menu consists of the following items: ● Job Titles ● Pay Grades ● Employment Status ● Job Categories ● Work Shifts,,Bianca,637f8896213a315af347161b,,,,,,,,,TJ-1,TJ-28,TJ-4,TJ-5,TJ-6,TJ-7,TJ-29,TJ-30,TJ-31,TJ-32,TJ-33,TJ-85,,,,,,,,,,,{},,TJ-1, Admin Module ,,,,,,,0|i0000f:,,,,,,,,,,,,,,To Do
User Management,TJ-2,10001,Story,Done,TJ,Tema Jira,software,Bianca,637f8896213a315af347161b,,Medium,Done,Bianca,637f8896213a315af347161b,Bianca,637f8896213a315af347161b,Bianca,637f8896213a315af347161b,05/Feb/23 12:48 PM,22/Mar/23 8:29 AM,22/Mar/23 4:56 PM,22/Mar/23 8:29 AM,OrangeHRM,,0,"This feature allows the HR Admin to administer users by creating logins and defining privileges by assigning User Types (Admin or ESS). To add a system user, go to Admin>> User Management>> Users and click “Add”. Click “Save” once the fields are added. To create a user login the following needs to be entered: ● User Role: You can assign user roles for each user whether they would fall under as an “Admin” or “ESS” user type to define their user rights. ● Admin: have access full access to the system. ● ESS: limited access to the system. It could be an ESS-Supervisor or ESS-Employee. 1. ESS-Supervisor: where the user has access to his/her particulars and his/her subordinates’ particulars. 2. ESS-Employee: where the user has access only to his/her particulars. ● Employee Name *If an HR Admin is an existing employee, he/she needs to be defined in the PIM Module ● Username ● Status – Enabled or disabled ● Password ● Confirm Password (Re-enter the password). An employee list needs to be created first under the PIM Module to create user logins. Alternatively, a user login could be created when adding employees under the PIM Module. A list of user logins would appear once an entry is added. You may also add multiple entries of user logins. The default system user available will be Admin and has full access to the system. System User Logins need to be communicated manually to employees. To delete a system user, click on the check box next to the “Username”. It is also possible to delete multiple entries at the same time by clicking the check box entries you wish to delete and simply clicking “Delete”.",,Bianca,637f8896213a315af347161b,,,,,,,,,TJ-1,TJ-27,TJ-57,,,,,,,,,,,,,,,,,,,,{},,TJ-1, Admin Module ,,,,,,,0|i00007:,,,,,,,,,,,,,,Done
 Admin Module ,TJ-1,10000,Epic,Backlog,TJ,Tema Jira,software,Bianca,637f8896213a315af347161b,,Medium,,Bianca,637f8896213a315af347161b,Bianca,637f8896213a315af347161b,Bianca,637f8896213a315af347161b,25/Jan/23 7:39 PM,27/Mar/23 10:47 AM,01/Apr/23 12:48 PM,,OrangeHRM,,0,,,Bianca,637f8896213a315af347161b,,,,,,0,1020,,TJ-14,,TJ-2,TJ-3,TJ-10,TJ-20,TJ-21,,,,,,,,,,,,,,,,{},ghx-label-12,,,5.0 Admin Module,To Do,,grey,,,0|hzzzzz:,,,,,,,,,,,,,,To Do
